species_name,genome_file_name,cds_file_name
scerevisiae,scerevisiae_genome.fna,scerevisiae_cds.fna
foxysporum,foxysporum_genome.fna,foxysporum_cds.fna
calbicans,calbicans_genome.fna,calbicans_cds.fna
cneoformans,cneoformans_genome.fna,cneoformans_cds.fna
poryzae,poryzae_genome.fna,poryzae_cds.fna
trubrum,trubrum_genome.fna,trubrum_cds.fna
pstriiformis,pstriiformis_genome.fna,pstriiformis_cds.fna
rsolani,rsolani_genome.fna,rsolani_cds.fna
ztritici,ztritici_genome.fna,ztritici_cds.fna
afumigatus,afumigatus_genome.fna,afumigatus_cds.fna
rmicrosporus,rmicrosporus_genome.fna,rmicrosporus_cds.fna
aoryzae,aoryzae_genome.fna,aoryzae_cds.fna
cgattii,cgattii_genome.fna,cgattii_cds.fna
aniger,aniger_genome.fna,aniger_cds.fna
slacrymans,slacrymans_genome.fna,slacrymans_cds.fna
abisporus,abisporus_genome.fna,abisporus_cds.fna
vdahliae,vdahliae_genome.fna,vdahliae_cds.fna
cimmitis,cimmitis_genome.fna,cimmitis_cds.fna
bdermatitidis,bdermatitidis_genome.fna,bdermatitidis_cds.fna
hcapsulatum,hcapsulatum_genome.fna,hcapsulatum_cds.fna
poxalicum,poxalicum_genome.fna,poxalicum_cds.fna
kmangrovensis,kmangrovensis_genome.fna,kmangrovensis_cds.fna
dbrunnea,dbrunnea_genome.fna,dbrunnea_cds.fna
pdigitatum,pdigitatum_genome.fna,pdigitatum_cds.fna
rtoruloides,rtoruloides_genome.fna,rtoruloides_cds.fna
bbruxellensis,bbruxellensis_genome.fna,bbruxellensis_cds.fna
bcinerea,bcinerea_genome.fna,bcinerea_cds.fna
scommune,scommune_genome.fna,scommune_cds.fna
treesei,treesei_genome.fna,treesei_cds.fna
ylipolytica,ylipolytica_genome.fna,ylipolytica_cds.fna
aluchuensis,aluchuensis_genome.fna,aluchuensis_cds.fna
kphaffii,kphaffii_genome.fna,kphaffii_cds.fna
rirregularis,rirregularis_genome.fna,rirregularis_cds.fna
cgloeosporioides,cgloeosporioides_genome.fna,cgloeosporioides_cds.fna
camylolentus,camylolentus_genome.fna,camylolentus_cds.fna
tasahii,tasahii_genome.fna,tasahii_cds.fna
cjadinii,cjadinii_genome.fna,cjadinii_cds.fna
apullulans,apullulans_genome.fna,apullulans_cds.fna
ffujikuroi,ffujikuroi_genome.fna,ffujikuroi_cds.fna
pgrisea,pgrisea_genome.fna,pgrisea_cds.fna
eturcicum,eturcicum_genome.fna,eturcicum_cds.fna
corthopsilosis,corthopsilosis_genome.fna,corthopsilosis_cds.fna
glozoyensis,glozoyensis_genome.fna,glozoyensis_cds.fna
pchlamydosporia,pchlamydosporia_genome.fna,pchlamydosporia_cds.fna
kmarxianus,kmarxianus_genome.fna,kmarxianus_cds.fna
ntetrasperma,ntetrasperma_genome.fna,ntetrasperma_cds.fna
wanomalus,wanomalus_genome.fna,wanomalus_cds.fna
bmaydis,bmaydis_genome.fna,bmaydis_cds.fna
pdestructans,pdestructans_genome.fna,pdestructans_cds.fna
bbassiana,bbassiana_genome.fna,bbassiana_cds.fna
mcanis,mcanis_genome.fna,mcanis_cds.fna
tvirens,tvirens_genome.fna,tvirens_cds.fna
pplacenta,pplacenta_genome.fna,pplacenta_cds.fna
tmarneffei,tmarneffei_genome.fna,tmarneffei_cds.fna
pnodorum,pnodorum_genome.fna,pnodorum_cds.fna
bdendrobatidis,bdendrobatidis_genome.fna,bdendrobatidis_cds.fna
aflavus,aflavus_genome.fna,aflavus_cds.fna
pgraminis,pgraminis_genome.fna,pgraminis_cds.fna
pbrasiliensis,pbrasiliensis_genome.fna,pbrasiliensis_cds.fna
clusitaniae,clusitaniae_genome.fna,clusitaniae_cds.fna
dhansenii,dhansenii_genome.fna,dhansenii_cds.fna
egossypii,egossypii_genome.fna,egossypii_cds.fna
ncastellii,ncastellii_genome.fna,ncastellii_cds.fna
aterreus,aterreus_genome.fna,aterreus_cds.fna
gnecrorhizus,gnecrorhizus_genome.fna,gnecrorhizus_cds.fna
ooligospora,ooligospora_genome.fna,ooligospora_cds.fna
fvanettenii,fvanettenii_genome.fna,fvanettenii_cds.fna
fodoratissimum,fodoratissimum_genome.fna,fodoratissimum_cds.fna
aarxii,aarxii_genome.fna,aarxii_cds.fna
dsymphoricarpi,dsymphoricarpi_genome.fna,dsymphoricarpi_cds.fna
dexigua,dexigua_genome.fna,dexigua_cds.fna
ebilateralis,ebilateralis_genome.fna,ebilateralis_cds.fna
tterrestris,tterrestris_genome.fna,tterrestris_cds.fna
salkalinus,salkalinus_genome.fna,salkalinus_cds.fna
hbicolor,hbicolor_genome.fna,hbicolor_cds.fna
ytenuis,ytenuis_genome.fna,ytenuis_cds.fna
ahomomorphus,ahomomorphus_genome.fna,ahomomorphus_cds.fna
aibericus,aibericus_genome.fna,aibericus_cds.fna
acostaricensis,acostaricensis_genome.fna,acostaricensis_cds.fna
afijiensis,afijiensis_genome.fna,afijiensis_cds.fna
ajaponicus,ajaponicus_genome.fna,ajaponicus_cds.fna
aaculeatinus,aaculeatinus_genome.fna,aaculeatinus_cds.fna
apiperis,apiperis_genome.fna,apiperis_cds.fna
abrunneoviolaceus,abrunneoviolaceus_genome.fna,abrunneoviolaceus_cds.fna
auvarum,auvarum_genome.fna,auvarum_cds.fna
aneoniger,aneoniger_genome.fna,aneoniger_cds.fna
asaccharolyticus,asaccharolyticus_genome.fna,asaccharolyticus_cds.fna
avadensis,avadensis_genome.fna,avadensis_cds.fna
gtritici,gtritici_genome.fna,gtritici_cds.fna
pfijiensis,pfijiensis_genome.fna,pfijiensis_cds.fna
bgilchristii,bgilchristii_genome.fna,bgilchristii_cds.fna
bpanamericana,bpanamericana_genome.fna,bpanamericana_cds.fna
wmellicola,wmellicola_genome.fna,wmellicola_cds.fna
aresinae,aresinae_genome.fna,aresinae_cds.fna
fmultimorphosa,fmultimorphosa_genome.fna,fmultimorphosa_cds.fna
rmackenziei,rmackenziei_genome.fna,rmackenziei_cds.fna
cbantiana,cbantiana_genome.fna,cbantiana_cds.fna
fpedrosoi,fpedrosoi_genome.fna,fpedrosoi_cds.fna
asubglaciale,asubglaciale_genome.fna,asubglaciale_cds.fna
anamibiae,anamibiae_genome.fna,anamibiae_cds.fna
amelanogenum,amelanogenum_genome.fna,amelanogenum_cds.fna
aruber,aruber_genome.fna,aruber_cds.fna
kbrasiliensis,kbrasiliensis_genome.fna,kbrasiliensis_cds.fna
kcapsulata,kcapsulata_genome.fna,kcapsulata_cds.fna
pflocculosa,pflocculosa_genome.fna,pflocculosa_cds.fna
proqueforti,proqueforti_genome.fna,proqueforti_cds.fna
epusillum,epusillum_genome.fna,epusillum_cds.fna
valfalfae,valfalfae_genome.fna,valfalfae_cds.fna
mbicuspidata,mbicuspidata_genome.fna,mbicuspidata_cds.fna
arubescens,arubescens_genome.fna,arubescens_cds.fna
stanzawaensis,stanzawaensis_genome.fna,stanzawaensis_cds.fna
tasperellum,tasperellum_genome.fna,tasperellum_cds.fna
binositovora,binositovora_genome.fna,binositovora_cds.fna
hburtonii,hburtonii_genome.fna,hburtonii_cds.fna
zcellare,zcellare_genome.fna,zcellare_cds.fna
asydowii,asydowii_genome.fna,asydowii_cds.fna
pzonata,pzonata_genome.fna,pzonata_cds.fna
aversicolor,aversicolor_genome.fna,aversicolor_cds.fna
atubingensis,atubingensis_genome.fna,atubingensis_cds.fna
phubeiensis,phubeiensis_genome.fna,phubeiensis_cds.fna
aprunicola,aprunicola_genome.fna,aprunicola_cds.fna
xheveae,xheveae_genome.fna,xheveae_cds.fna
cwingfieldii,cwingfieldii_genome.fna,cwingfieldii_cds.fna
daciculare,daciculare_genome.fna,daciculare_cds.fna
lsulphureus,lsulphureus_genome.fna,lsulphureus_cds.fna
cberberidis,cberberidis_genome.fna,cberberidis_cds.fna
wichthyophaga,wichthyophaga_genome.fna,wichthyophaga_cds.fna
aglaucus,aglaucus_genome.fna,aglaucus_cds.fna
msympodialis,msympodialis_genome.fna,msympodialis_cds.fna
kdejecticola,kdejecticola_genome.fna,kdejecticola_cds.fna
kbestiolae,kbestiolae_genome.fna,kbestiolae_cds.fna
kpini,kpini_genome.fna,kpini_cds.fna
pminimum,pminimum_genome.fna,pminimum_cds.fna
cpsammophila,cpsammophila_genome.fna,cpsammophila_cds.fna
mantarcticus,mantarcticus_genome.fna,mantarcticus_cds.fna
ccarrionii,ccarrionii_genome.fna,ccarrionii_cds.fna
mbrunneum,mbrunneum_genome.fna,mbrunneum_cds.fna
plutzii,plutzii_genome.fna,plutzii_cds.fna
pfici,pfici_genome.fna,pfici_cds.fna
ceuropaea,ceuropaea_genome.fna,ceuropaea_cds.fna
pkudriavzevii,pkudriavzevii_genome.fna,pkudriavzevii_cds.fna
awentii,awentii_genome.fna,awentii_cds.fna
pmembranifaciens,pmembranifaciens_genome.fna,pmembranifaciens_cds.fna
oparapolymorpha,oparapolymorpha_genome.fna,oparapolymorpha_cds.fna
fpseudograminearum,fpseudograminearum_genome.fna,fpseudograminearum_cds.fna
dsqualens,dsqualens_genome.fna,dsqualens_cds.fna
hirregulare,hirregulare_genome.fna,hirregulare_cds.fna
eaquamarina,eaquamarina_genome.fna,eaquamarina_cds.fna
cyegresii,cyegresii_genome.fna,cyegresii_cds.fna
cepimyces,cepimyces_genome.fna,cepimyces_cds.fna
ccoronata,ccoronata_genome.fna,ccoronata_cds.fna
bvictoriae,bvictoriae_genome.fna,bvictoriae_cds.fna
bzeicola,bzeicola_genome.fna,bzeicola_cds.fna
boryzae,boryzae_genome.fna,boryzae_cds.fna
capollinis,capollinis_genome.fna,capollinis_cds.fna
mrobertsii,mrobertsii_genome.fna,mrobertsii_cds.fna
ffulva,ffulva_genome.fna,ffulva_cds.fna
aaculeatus,aaculeatus_genome.fna,aaculeatus_cds.fna
knaganishii,knaganishii_genome.fna,knaganishii_cds.fna
kafricana,kafricana_genome.fna,kafricana_cds.fna
tblattae,tblattae_genome.fna,tblattae_cds.fna
tphaffii,tphaffii_genome.fna,tphaffii_cds.fna
ndairenensis,ndairenensis_genome.fna,ndairenensis_cds.fna
aarborescens,aarborescens_genome.fna,aarborescens_cds.fna
cfumosorosea,cfumosorosea_genome.fna,cfumosorosea_cds.fna
malbum,malbum_genome.fna,malbum_cds.fna
ecymbalariae,ecymbalariae_genome.fna,ecymbalariae_cds.fna
chigginsianum,chigginsianum_genome.fna,chigginsianum_cds.fna
tmesenterica,tmesenterica_genome.fna,tmesenterica_cds.fna
scomplicata,scomplicata_genome.fna,scomplicata_cds.fna
tthermophilus,tthermophilus_genome.fna,tthermophilus_cds.fna
cmilitaris,cmilitaris_genome.fna,cmilitaris_cds.fna
gtrabeum,gtrabeum_genome.fna,gtrabeum_cds.fna
vculicis,vculicis_genome.fna,vculicis_cds.fna
fmediterranea,fmediterranea_genome.fna,fmediterranea_cds.fna
tversicolor,tversicolor_genome.fna,tversicolor_cds.fna
cputeana,cputeana_genome.fna,cputeana_cds.fna
bsorokiniana,bsorokiniana_genome.fna,bsorokiniana_cds.fna
spassalidarum,spassalidarum_genome.fna,spassalidarum_cds.fna
mosmundae,mosmundae_genome.fna,mosmundae_cds.fna
shirsutum,shirsutum_genome.fna,shirsutum_cds.fna
pstrigosozonata,pstrigosozonata_genome.fna,pstrigosozonata_cds.fna
smusiva,smusiva_genome.fna,smusiva_cds.fna
edermatitidis,edermatitidis_genome.fna,edermatitidis_cds.fna
tthermophila,tthermophila_genome.fna,tthermophila_cds.fna
mlaricis-populina,mlaricis-populina_genome.fna,mlaricis-populina_cds.fna
macridum,macridum_genome.fna,macridum_cds.fna
tharzianum,tharzianum_genome.fna,tharzianum_cds.fna
fproliferatum,fproliferatum_genome.fna,fproliferatum_cds.fna
gclavigera,gclavigera_genome.fna,gclavigera_cds.fna
tverrucosum,tverrucosum_genome.fna,tverrucosum_cds.fna
scryophilus,scryophilus_genome.fna,scryophilus_cds.fna
smacrospora,smacrospora_genome.fna,smacrospora_cds.fna
pcarnosa,pcarnosa_genome.fna,pcarnosa_cds.fna
tmelanosporum,tmelanosporum_genome.fna,tmelanosporum_cds.fna
cgraminicola,cgraminicola_genome.fna,cgraminicola_cds.fna
rgraminis,rgraminis_genome.fna,rgraminis_cds.fna
cparasitica,cparasitica_genome.fna,cparasitica_cds.fna
ngypsea,ngypsea_genome.fna,ngypsea_cds.fna
tstipitatus,tstipitatus_genome.fna,tstipitatus_cds.fna
vpolyspora,vpolyspora_genome.fna,vpolyspora_cds.fna
ptritici-repentis,ptritici-repentis_genome.fna,ptritici-repentis_cds.fna
mrestricta,mrestricta_genome.fna,mrestricta_cds.fna
lbicolor,lbicolor_genome.fna,lbicolor_cds.fna
pblakesleeanus,pblakesleeanus_genome.fna,pblakesleeanus_cds.fna
afischeri,afischeri_genome.fna,afischeri_cds.fna
aclavatus,aclavatus_genome.fna,aclavatus_cds.fna
fverticillioides,fverticillioides_genome.fna,fverticillioides_cds.fna
ssclerotiorum,ssclerotiorum_genome.fna,ssclerotiorum_cds.fna
sjaponicus,sjaponicus_genome.fna,sjaponicus_cds.fna
soctosporus,soctosporus_genome.fna,soctosporus_cds.fna
cdubliniensis,cdubliniensis_genome.fna,cdubliniensis_cds.fna
spunctatus,spunctatus_genome.fna,spunctatus_cds.fna
sstipitis,sstipitis_genome.fna,sstipitis_cds.fna
ureesii,ureesii_genome.fna,ureesii_cds.fna
lelongisporus,lelongisporus_genome.fna,lelongisporus_cds.fna
cglobosum,cglobosum_genome.fna,cglobosum_cds.fna
mguilliermondii,mguilliermondii_genome.fna,mguilliermondii_cds.fna
ctropicalis,ctropicalis_genome.fna,ctropicalis_cds.fna
lthermotolerans,lthermotolerans_genome.fna,lthermotolerans_cds.fna
cglabrata,cglabrata_genome.fna,cglabrata_cds.fna
umaydis,umaydis_genome.fna,umaydis_cds.fna
sparadoxus,sparadoxus_genome.fna,sparadoxus_cds.fna
fgraminearum,fgraminearum_genome.fna,fgraminearum_cds.fna
ncrassa,ncrassa_genome.fna,ncrassa_cds.fna
anidulans,anidulans_genome.fna,anidulans_cds.fna
aethzedia,aethzedia_genome.fna,aethzedia_cds.fna
ahordeiaustralica,ahordeiaustralica_genome.fna,ahordeiaustralica_cds.fna
anovae-zelandiae,anovae-zelandiae_genome.fna,anovae-zelandiae_cds.fna
aventricosa,aventricosa_genome.fna,aventricosa_cds.fna
atriticimaculans,atriticimaculans_genome.fna,atriticimaculans_cds.fna
aviburni,aviburni_genome.fna,aviburni_cds.fna
ametachromatica,ametachromatica_genome.fna,ametachromatica_cds.fna
ddecipiens,ddecipiens_genome.fna,ddecipiens_cds.fna
dloculata,dloculata_genome.fna,dloculata_cds.fna
ptakamizusanense,ptakamizusanense_genome.fna,ptakamizusanense_cds.fna
amaeteangense,amaeteangense_genome.fna,amaeteangense_cds.fna
dvernicosa,dvernicosa_genome.fna,dvernicosa_cds.fna
xbambusicola,xbambusicola_genome.fna,xbambusicola_cds.fna
hmississippiense,hmississippiense_genome.fna,hmississippiense_cds.fna
eatlantica,eatlantica_genome.fna,eatlantica_cds.fna
ohaglerorum,ohaglerorum_genome.fna,ohaglerorum_cds.fna
moreades,moreades_genome.fna,moreades_cds.fna
dcaldariorum,dcaldariorum_genome.fna,dcaldariorum_cds.fna
pcubensis,pcubensis_genome.fna,pcubensis_cds.fna
kbarnettii,kbarnettii_genome.fna,kbarnettii_cds.fna
apuulaauensis,apuulaauensis_genome.fna,apuulaauensis_cds.fna
fmusae,fmusae_genome.fna,fmusae_cds.fna
ftjaetaba,ftjaetaba_genome.fna,ftjaetaba_cds.fna
trugulosus,trugulosus_genome.fna,trugulosus_cds.fna
atruncatum,atruncatum_genome.fna,atruncatum_cds.fna
aburnsii,aburnsii_genome.fna,aburnsii_cds.fna
ckarsti,ckarsti_genome.fna,ckarsti_cds.fna
bnanus,bnanus_genome.fna,bnanus_cds.fna
mresinicola,mresinicola_genome.fna,mresinicola_cds.fna
phyperparasitica,phyperparasitica_genome.fna,phyperparasitica_cds.fna
manomochaeta,manomochaeta_genome.fna,manomochaeta_cds.fna
nacidophila,nacidophila_genome.fna,nacidophila_cds.fna
lingoldianus,lingoldianus_genome.fna,lingoldianus_cds.fna
wornata,wornata_genome.fna,wornata_cds.fna
tpertusa,tpertusa_genome.fna,tpertusa_cds.fna
apseudonomiae,apseudonomiae_genome.fna,apseudonomiae_cds.fna
acaelatus,acaelatus_genome.fna,acaelatus_cds.fna
apseudotamarii,apseudotamarii_genome.fna,apseudotamarii_cds.fna
vechinocandica,vechinocandica_genome.fna,vechinocandica_cds.fna
aalliaceus,aalliaceus_genome.fna,aalliaceus_cds.fna
drugosa,drugosa_genome.fna,drugosa_cds.fna
dchildiae,dchildiae_genome.fna,dchildiae_cds.fna
kshandongensis,kshandongensis_genome.fna,kshandongensis_cds.fna
aatra,aatra_genome.fna,aatra_cds.fna
smicrobalum,smicrobalum_genome.fna,smicrobalum_cds.fna
sgraminicola,sgraminicola_genome.fna,sgraminicola_cds.fna
zmrakii,zmrakii_genome.fna,zmrakii_cds.fna
mimportuna,mimportuna_genome.fna,mimportuna_cds.fna
amulundensis,amulundensis_genome.fna,amulundensis_cds.fna
awelwitschiae,awelwitschiae_genome.fna,awelwitschiae_cds.fna
aingoldii,aingoldii_genome.fna,aingoldii_cds.fna
twashingtonensis,twashingtonensis_genome.fna,twashingtonensis_cds.fna
pglucosiphilum,pglucosiphilum_genome.fna,pglucosiphilum_cds.fna
cguamensis,cguamensis_genome.fna,cguamensis_cds.fna
mmiltonrushii,mmiltonrushii_genome.fna,mmiltonrushii_cds.fna
jrosea,jrosea_genome.fna,jrosea_cds.fna
fvenenatum,fvenenatum_genome.fna,fvenenatum_cds.fna
tcitrinoviride,tcitrinoviride_genome.fna,tcitrinoviride_cds.fna
ppennisetigena,ppennisetigena_genome.fna,ppennisetigena_cds.fna
cpseudohaemulonii,cpseudohaemulonii_genome.fna,cpseudohaemulonii_cds.fna
acandidus,acandidus_genome.fna,acandidus_cds.fna
oophidiicola,oophidiicola_genome.fna,oophidiicola_cds.fna
gmorbida,gmorbida_genome.fna,gmorbida_cds.fna
tatroroseus,tatroroseus_genome.fna,tatroroseus_cds.fna
dcorticola,dcorticola_genome.fna,dcorticola_cds.fna
corchidophilum,corchidophilum_genome.fna,corchidophilum_cds.fna
parizonense,parizonense_genome.fna,parizonense_cds.fna
pverrucosus,pverrucosus_genome.fna,pverrucosus_cds.fna
fpoae,fpoae_genome.fna,fpoae_cds.fna
dprimogenitus,dprimogenitus_genome.fna,dprimogenitus_cds.fna
ferecta,ferecta_genome.fna,ferecta_cds.fna
fnubica,fnubica_genome.fna,fnubica_cds.fna
psporulosa,psporulosa_genome.fna,psporulosa_cds.fna
slignohabitans,slignohabitans_genome.fna,slignohabitans_cds.fna
dconiospora,dconiospora_genome.fna,dconiospora_cds.fna
achevalieri,achevalieri_genome.fna,achevalieri_cds.fna
fmangiferae,fmangiferae_genome.fna,fmangiferae_cds.fna
vnonalfalfae,vnonalfalfae_genome.fna,vnonalfalfae_cds.fna
clupini,clupini_genome.fna,clupini_cds.fna
mscopiformis,mscopiformis_genome.fna,mscopiformis_cds.fna
tgamsii,tgamsii_genome.fna,tgamsii_cds.fna
plilacinum,plilacinum_genome.fna,plilacinum_cds.fna
alentulus,alentulus_genome.fna,alentulus_cds.fna
mpachydermatis,mpachydermatis_genome.fna,mpachydermatis_cds.fna
audagawae,audagawae_genome.fna,audagawae_cds.fna
tglobosa,tglobosa_genome.fna,tglobosa_cds.fna
cauris,cauris_genome.fna,cauris_cds.fna
coleaginosum,coleaginosum_genome.fna,coleaginosum_cds.fna
llanzarotensis,llanzarotensis_genome.fna,llanzarotensis_cds.fna
eoligosperma,eoligosperma_genome.fna,eoligosperma_cds.fna
vgallopava,vgallopava_genome.fna,vgallopava_cds.fna
espinifera,espinifera_genome.fna,espinifera_cds.fna
exenobiotica,exenobiotica_genome.fna,exenobiotica_cds.fna
cimmunda,cimmunda_genome.fna,cimmunda_cds.fna
emesophila,emesophila_genome.fna,emesophila_cds.fna
sapiospermum,sapiospermum_genome.fna,sapiospermum_cds.fna
uvirens,uvirens_genome.fna,uvirens_cds.fna
coxycetoniae,coxycetoniae_genome.fna,coxycetoniae_cds.fna
ophilodendri,ophilodendri_genome.fna,ophilodendri_cds.fna
hrhossiliensis,hrhossiliensis_genome.fna,hrhossiliensis_cds.fna
fradiculosa,fradiculosa_genome.fna,fradiculosa_cds.fna
tdelbrueckii,tdelbrueckii_genome.fna,tdelbrueckii_cds.fna
psolitum,psolitum_genome.fna,psolitum_cds.fna
cbeticola,cbeticola_genome.fna,cbeticola_cds.fna
aalternata,aalternata_genome.fna,aalternata_cds.fna
sludwigii,sludwigii_genome.fna,sludwigii_cds.fna
csubhashii,csubhashii_genome.fna,csubhashii_cds.fna
zrouxii,zrouxii_genome.fna,zrouxii_cds.fna
klactis,klactis_genome.fna,klactis_cds.fna
spombe,spombe_genome.fna,spombe_cds.fna
